evidence_id,jobId,sessionId,deviceId,name,path,relative_path,extension,mime_type,category,size_bytes,created_utc,modified_utc,accessed_utc,permissions,attributes,hidden,sha256,md5,sha1
EVID-8B1EE7EB3852,USB-API-002,SESSION-USB-002,DRIVE-D,Install SanDisk Software.dmg,D:\Install SanDisk Software.dmg,Install SanDisk Software.dmg,.dmg,application/octet-stream,OTHER,552605,2021-12-07T09:48:48.870000+00:00,2021-09-23T07:31:40+00:00,2026-09-25T18:30:00+00:00,-rw-rw-rw-,ARCHIVE,False,bbca30d17ef5be64d901610dc57f8ab69eec1d1d9a4c96d88b53b85b895705f8,,
EVID-375A501EAA5E,USB-API-002,SESSION-USB-002,DRIVE-D,Install SanDisk Software.exe,D:\Install SanDisk Software.exe,Install SanDisk Software.exe,.exe,application/x-msdownload,EXECUTABLE_OR_SCRIPT,707152,2021-12-07T09:48:49.280000+00:00,2021-09-23T07:32:04+00:00,2026-09-25T18:30:00+00:00,-rwxrwxrwx,ARCHIVE,False,4060878795c0c43631fc8a61c175703322e181cc967978e89693e0ba6489ba5f,,
EVID-74DE807713B0,USB-API-002,SESSION-USB-002,DRIVE-D,SanDisk Software.pdf,D:\SanDisk Software.pdf,SanDisk Software.pdf,.pdf,application/pdf,DOCUMENT,300509,2021-12-07T09:48:49.850000+00:00,2021-09-23T07:31:24+00:00,2026-09-25T18:30:00+00:00,-rw-rw-rw-,ARCHIVE,False,04efd51fecc07d4f3cd62e457d38aff91d030c4f3c39f0a6d4e91f1c96d89123,,
EVID-367A38CE9EE6,USB-API-002,SESSION-USB-002,DRIVE-D,WPSettings.dat,D:\System Volume Information\WPSettings.dat,System Volume Information\WPSettings.dat,.dat,application/octet-stream,OTHER,12,2021-12-07T09:48:40.480000+00:00,2021-12-07T09:48:42+00:00,2026-09-25T18:30:00+00:00,-rw-rw-rw-,ARCHIVE,False,253b10642322a9bc7c8c6fba132421ba47e244d25678bfdc70a8feb856028353,,
EVID-AC363C20A778,USB-API-002,SESSION-USB-002,DRIVE-D,IndexerVolumeGuid,D:\System Volume Information\IndexerVolumeGuid,System Volume Information\IndexerVolumeGuid,,application/octet-stream,OTHER,76,2021-12-07T09:48:43.470000+00:00,2021-12-07T09:48:44+00:00,2026-09-25T18:30:00+00:00,-rw-rw-rw-,ARCHIVE,False,92a0159eab32d980c759ae030d37df23753acbd246bdbb810b1202b485bbd0ab,,
EVID-A164A4C2F110,USB-API-002,SESSION-USB-002,DRIVE-D,24CS101 - Programming in C++.pdf,D:\I YEAR BOOKS\C++\24CS101 - Programming in C++.pdf,I YEAR BOOKS\C++\24CS101 - Programming in C++.pdf,.pdf,application/pdf,DOCUMENT,103882,2025-10-07T08:13:19.790000+00:00,2024-09-29T18:05:38+00:00,2026-09-25T18:30:00+00:00,-rw-rw-rw-,ARCHIVE,False,e40028530d4d9a9ac2a21ea5af8e8d3f32b159248eb98d0751556a08c639ca25,,
EVID-6300B951F130,USB-API-002,SESSION-USB-002,DRIVE-D,c-the-complete-reference-4th-edition_compress.pdf,D:\I YEAR BOOKS\C++\c-the-complete-reference-4th-edition_compress.pdf,I YEAR BOOKS\C++\c-the-complete-reference-4th-edition_compress.pdf,.pdf,application/pdf,DOCUMENT,3129946,2025-10-07T08:13:19.820000+00:00,2024-09-29T18:05:54+00:00,2026-09-25T18:30:00+00:00,-rw-rw-rw-,ARCHIVE,False,449c9bf797dbd0860ae35120dbb9296ac434bb108d1e0b223b323897ccf0d6cc,,
EVID-750702DCEF40,USB-API-002,SESSION-USB-002,DRIVE-D,digital_design-__morris_mano-fifth_edition.pdf,D:\I YEAR BOOKS\DPSD\digital_design-__morris_mano-fifth_edition.pdf,I YEAR BOOKS\DPSD\digital_design-__morris_mano-fifth_edition.pdf,.pdf,application/pdf,DOCUMENT,2664810,2025-10-07T08:13:20.310000+00:00,2024-09-29T18:09:44+00:00,2026-09-25T18:30:00+00:00,-rw-rw-rw-,ARCHIVE,False,4546c3ef216b80db56cb9ebedbe87863c045c8d9aec755ab1b536cbbfa4f0c70,,
EVID-ADDA01F97E71,USB-API-002,SESSION-USB-002,DRIVE-D,DIGITAL_ELECTRONICS-by-Flyod.pdf,D:\I YEAR BOOKS\DPSD\DIGITAL_ELECTRONICS-by-Flyod.pdf,I YEAR BOOKS\DPSD\DIGITAL_ELECTRONICS-by-Flyod.pdf,.pdf,application/pdf,DOCUMENT,23874459,2025-10-07T08:13:20.530000+00:00,2024-09-29T18:10:28+00:00,2026-09-25T18:30:00+00:00,-rw-rw-rw-,ARCHIVE,False,5abe5e28bf052caa0cd6128292b161edc70103fad6aef0662b0028bb993a4420,,
EVID-30070DEE3958,USB-API-002,SESSION-USB-002,DRIVE-D,DPSD.pdf,D:\I YEAR BOOKS\DPSD\DPSD.pdf,I YEAR BOOKS\DPSD\DPSD.pdf,.pdf,application/pdf,DOCUMENT,95174,2025-10-07T08:13:20.930000+00:00,2024-09-29T18:09:34+00:00,2026-09-25T18:30:00+00:00,-rw-rw-rw-,ARCHIVE,False,8a80d0af06f0d0aff410115a34df476d263d7fada7eb96843097a711ea99aeb2,,
EVID-CF3043A62C34,USB-API-002,SESSION-USB-002,DRIVE-D,Fundamentals-of-logic-design-7th-ed-Charles H Roth.pdf,D:\I YEAR BOOKS\DPSD\Fundamentals-of-logic-design-7th-ed-Charles H Roth.pdf,I YEAR BOOKS\DPSD\Fundamentals-of-logic-design-7th-ed-Charles H Roth.pdf,.pdf,application/pdf,DOCUMENT,28839506,2025-10-07T08:13:20.960000+00:00,2024-09-29T18:10:46+00:00,2026-09-25T18:30:00+00:00,-rw-rw-rw-,ARCHIVE,False,167b3d1bfd8c0085b085c6434c1b4d15827f5937a92503b35482dee6d7f68d42,,
EVID-FC110516E212,USB-API-002,SESSION-USB-002,DRIVE-D,24CH101 - ENGINEERING CHEMISTRY.pdf,D:\I YEAR BOOKS\Engg Che\24CH101 - ENGINEERING CHEMISTRY.pdf,I YEAR BOOKS\Engg Che\24CH101 - ENGINEERING CHEMISTRY.pdf,.pdf,application/pdf,DOCUMENT,150146,2025-10-07T08:13:21.520000+00:00,2024-09-29T18:15:46+00:00,2026-09-25T18:30:00+00:00,-rw-rw-rw-,ARCHIVE,False,a0cef626fdb4b9ee7572d645f47540b153504e7d3620926f2673df32d97c6f87,,
EVID-4E7AB4118E9F,USB-API-002,SESSION-USB-002,DRIVE-D,Chemistry-by-jain-and-jain.pdf,D:\I YEAR BOOKS\Engg Che\Chemistry-by-jain-and-jain.pdf,I YEAR BOOKS\Engg Che\Chemistry-by-jain-and-jain.pdf,.pdf,application/pdf,DOCUMENT,13493685,2025-10-07T08:13:21.540000+00:00,2024-09-29T18:01:32+00:00,2026-09-25T18:30:00+00:00,-rw-rw-rw-,ARCHIVE,False,59c082385b1d7346fb3025a3080a3c68bc1784a745b5d66dec757af7ede37160,,
EVID-4698722D9662,USB-API-002,SESSION-USB-002,DRIVE-D,Engineering Chemistry - Shikha Agarwal.pdf,D:\I YEAR BOOKS\Engg Che\Engineering Chemistry - Shikha Agarwal.pdf,I YEAR BOOKS\Engg Che\Engineering Chemistry - Shikha Agarwal.pdf,.pdf,application/pdf,DOCUMENT,32740874,2025-10-07T08:13:21.900000+00:00,2024-09-29T18:02:22+00:00,2026-09-25T18:30:00+00:00,-rw-rw-rw-,ARCHIVE,False,5b9e709caf4f0009d2c917159557ce6652b5bf8f1f0a19536a734a77425cd276,,
EVID-98F51A8404F3,USB-API-002,SESSION-USB-002,DRIVE-D,Peter Gründler (auth.) - Chemical Sensors_ An Introduction for Scientists and Engineers-Springer-Verlag Berlin Heidelberg (2007).pdf,D:\I YEAR BOOKS\Engg Che\Peter Gründler (auth.) - Chemical Sensors_ An Introduction for Scientists and Engineers-Springer-Verlag Berlin Heidelberg (2007).pdf,I YEAR BOOKS\Engg Che\Peter Gründler (auth.) - Chemical Sensors_ An Introduction for Scientists and Engineers-Springer-Verlag Berlin Heidelberg (2007).pdf,.pdf,application/pdf,DOCUMENT,2418834,2025-10-07T08:13:22.790000+00:00,2024-09-29T18:02:04+00:00,2026-09-25T18:30:00+00:00,-rw-rw-rw-,ARCHIVE,False,aaf14394b9b4fe856cb12f61dfb1671258cecdc3af39a807b904ea13453ac0cf,,
EVID-F7EA834CC04B,USB-API-002,SESSION-USB-002,DRIVE-D,24GE101- Heritage of Tamils.pdf,D:\I YEAR BOOKS\Heritage of Tamil\24GE101- Heritage of Tamils.pdf,I YEAR BOOKS\Heritage of Tamil\24GE101- Heritage of Tamils.pdf,.pdf,application/pdf,DOCUMENT,176582,2025-10-07T08:13:23.010000+00:00,2024-09-29T18:16:24+00:00,2026-09-25T18:30:00+00:00,-rw-rw-rw-,ARCHIVE,False,dd056aa47739c432ed01ecef7abfe29db599da02b8ff47b47633d4fa04c3c178,,
EVID-FE6F852BD557,USB-API-002,SESSION-USB-002,DRIVE-D,Keeladi-Book-English.pdf,D:\I YEAR BOOKS\Heritage of Tamil\Keeladi-Book-English.pdf,I YEAR BOOKS\Heritage of Tamil\Keeladi-Book-English.pdf,.pdf,application/pdf,DOCUMENT,6154830,2025-10-07T08:13:23.030000+00:00,2024-09-29T18:04:34+00:00,2026-09-25T18:30:00+00:00,-rw-rw-rw-,ARCHIVE,False,6a1b62b7e6e0552cee7e8e8b1bf193d5dec3d991e6cb40f504f9a2833fb2864e,,
EVID-199EDFB42B16,USB-API-002,SESSION-USB-002,DRIVE-D,Social life of Tamils Book in PDF.pdf,D:\I YEAR BOOKS\Heritage of Tamil\Social life of Tamils Book in PDF.pdf,I YEAR BOOKS\Heritage of Tamil\Social life of Tamils Book in PDF.pdf,.pdf,application/pdf,DOCUMENT,133490974,2025-10-07T08:13:23.170000+00:00,2024-09-29T18:05:00+00:00,2026-09-25T18:30:00+00:00,-rw-rw-rw-,ARCHIVE,False,6596ecbc1aa84431474080ae77c36e2b49817daec9539e882a07e910ee203f18,,
EVID-CFE78EF61622,USB-API-002,SESSION-USB-002,DRIVE-D,Idea Lab syllabus.pdf,D:\I YEAR BOOKS\Idea Lab - I\Idea Lab syllabus.pdf,I YEAR BOOKS\Idea Lab - I\Idea Lab syllabus.pdf,.pdf,application/pdf,DOCUMENT,147990,2025-10-07T08:13:26.720000+00:00,2024-09-30T00:39:44+00:00,2026-09-25T18:30:00+00:00,-rw-rw-rw-,ARCHIVE,False,0772525bb08542ece1a0fd2e51f2ebd4296921571fdc48cc91ff5ffe350f1d84,,
EVID-F4EA2D6506AF,USB-API-002,SESSION-USB-002,DRIVE-D,24MA101-Matrics and calculus.pdf,D:\I YEAR BOOKS\Matrices and Calculus\24MA101-Matrics and calculus.pdf,I YEAR BOOKS\Matrices and Calculus\24MA101-Matrics and calculus.pdf,.pdf,application/pdf,DOCUMENT,142197,2025-10-07T08:13:26.760000+00:00,2024-09-29T17:59:14+00:00,2026-09-25T18:30:00+00:00,-rw-rw-rw-,ARCHIVE,False,7bb89ff971117cf1152796ad5873f9331253717c5bd33294b601a6022e8713e5,,
EVID-8CADF8E17793,USB-API-002,SESSION-USB-002,DRIVE-D,Advanced Engineering Mathematics 10th Edition.pdf,D:\I YEAR BOOKS\Matrices and Calculus\Advanced Engineering Mathematics 10th Edition.pdf,I YEAR BOOKS\Matrices and Calculus\Advanced Engineering Mathematics 10th Edition.pdf,.pdf,application/pdf,DOCUMENT,22524929,2025-10-07T08:13:26.810000+00:00,2024-09-29T18:00:00+00:00,2026-09-25T18:30:00+00:00,-rw-rw-rw-,ARCHIVE,False,401967f23ceb4e8e46d53e121c9a20eb0dcc4177937c964e299811a5141f0f53,,
EVID-C098BE246593,USB-API-002,SESSION-USB-002,DRIVE-D,Engineering Mathematics I and II  [For Semesters I and II] by Veerarajan (z-lib.org).pdf,D:\I YEAR BOOKS\Matrices and Calculus\Engineering Mathematics I and II  [For Semesters I and II] by Veerarajan (z-lib.org).pdf,I YEAR BOOKS\Matrices and Calculus\Engineering Mathematics I and II  [For Semesters I and II] by Veerarajan (z-lib.org).pdf,.pdf,application/pdf,DOCUMENT,41130308,2025-10-07T08:13:27.160000+00:00,2024-09-29T17:59:38+00:00,2026-09-25T18:30:00+00:00,-rw-rw-rw-,ARCHIVE,False,f8545c2a67afc51267e262f893a2e57516e88e96a65eae6e95536230ec2c2199,,
EVID-E8033C7CE320,USB-API-002,SESSION-USB-002,DRIVE-D,16_EBOOK-7th_ed_software_engineering_a_practitioners_approach_by_roger_s._pressman_.pdf,D:\I YEAR BOOKS\SDP\16_EBOOK-7th_ed_software_engineering_a_practitioners_approach_by_roger_s._pressman_.pdf,I YEAR BOOKS\SDP\16_EBOOK-7th_ed_software_engineering_a_practitioners_approach_by_roger_s._pressman_.pdf,.pdf,application/pdf,DOCUMENT,21023620,2025-10-07T08:13:28.300000+00:00,2024-09-29T18:07:04+00:00,2026-09-25T18:30:00+00:00,-rw-rw-rw-,ARCHIVE,False,58e50547d0070be436b4fd57a8c3831c9764d775bdb594056ef483b80f0771d5,,
EVID-DF0ADB3CFBA7,USB-API-002,SESSION-USB-002,DRIVE-D,2.Web-Technologies-A-Computer-Science-Perspective-J.-Jackson-Pearson-2007-BBS.pdf,D:\I YEAR BOOKS\SDP\2.Web-Technologies-A-Computer-Science-Perspective-J.-Jackson-Pearson-2007-BBS.pdf,I YEAR BOOKS\SDP\2.Web-Technologies-A-Computer-Science-Perspective-J.-Jackson-Pearson-2007-BBS.pdf,.pdf,application/pdf,DOCUMENT,6733970,2025-10-07T08:13:29.360000+00:00,2024-09-29T18:08:08+00:00,2026-09-25T18:30:00+00:00,-rw-rw-rw-,ARCHIVE,False,fd603fdf16d46a02974218c6942655e20d7e3ae16b19abcc6177fa12c48884ef,,
EVID-6CB658812780,USB-API-002,SESSION-USB-002,DRIVE-D,24CS102 - Software Development Practices.pdf,D:\I YEAR BOOKS\SDP\24CS102 - Software Development Practices.pdf,I YEAR BOOKS\SDP\24CS102 - Software Development Practices.pdf,.pdf,application/pdf,DOCUMENT,132734,2025-10-07T08:13:29.830000+00:00,2024-09-29T18:06:42+00:00,2026-09-25T18:30:00+00:00,-rw-rw-rw-,ARCHIVE,False,c02a4ae6b016f1e81773e14432f7e0cae456c28d3a259f05f6e1f42b67f8d6da,,
EVID-7F3E2B8DFF7A,USB-API-002,SESSION-USB-002,DRIVE-D,AgileProdMgt_sample.pdf,D:\I YEAR BOOKS\SDP\AgileProdMgt_sample.pdf,I YEAR BOOKS\SDP\AgileProdMgt_sample.pdf,.pdf,application/pdf,DOCUMENT,1374132,2025-10-07T08:13:29.880000+00:00,2024-09-29T18:08:26+00:00,2026-09-25T18:30:00+00:00,-rw-rw-rw-,ARCHIVE,False,378578e8302bc917ade846ab4d015ba1e33ee7374a63c2fed09cbfabd138294f,,
EVID-F036982A705A,USB-API-002,SESSION-USB-002,DRIVE-D,internet how program works deitel and deitel.pdf,D:\I YEAR BOOKS\SDP\internet how program works deitel and deitel.pdf,I YEAR BOOKS\SDP\internet how program works deitel and deitel.pdf,.pdf,application/pdf,DOCUMENT,52336157,2025-10-07T08:13:29.930000+00:00,2024-09-29T18:08:08+00:00,2026-09-25T18:30:00+00:00,-rw-rw-rw-,ARCHIVE,False,6c05af62ad4905c15dc67c641661bb752f58fdc4174d3a700a9b3eb6563ce2e1,,
EVID-D22123041363,USB-API-002,SESSION-USB-002,DRIVE-D,progit book 2nd edition.pdf,D:\I YEAR BOOKS\SDP\progit book 2nd edition.pdf,I YEAR BOOKS\SDP\progit book 2nd edition.pdf,.pdf,application/pdf,DOCUMENT,18870791,2025-10-07T08:13:31.470000+00:00,2024-09-29T18:07:28+00:00,2026-09-25T18:30:00+00:00,-rw-rw-rw-,ARCHIVE,False,0fc2bbcfa5f42691bdf4504d02ffdf4803adf1ff14205582c80bfe85bb038fd5,,
EVID-7451C3A15CD8,USB-API-002,SESSION-USB-002,DRIVE-D,Meiyazhagan (2024)1.4GB.mkv,D:\Movies\Meiyazhagan (2024)1.4GB.mkv,Movies\Meiyazhagan (2024)1.4GB.mkv,.mkv,video/x-matroska,VIDEO,1603184601,2026-01-08T08:51:23.950000+00:00,2025-12-07T18:07:34+00:00,2026-09-25T18:30:00+00:00,-rw-rw-rw-,ARCHIVE,False,e338e5b7ffaf8e2d767be2fcdad1c13c9cabf03b7e9de548692d541274bcfec0,,
EVID-E95BCF62FED5,USB-API-002,SESSION-USB-002,DRIVE-D,Harry Potter and the Sorcerer's Stone  (2002).mkv,D:\Movies\Harry Potter and the Sorcerer's Stone  (2002).mkv,Movies\Harry Potter and the Sorcerer's Stone  (2002).mkv,.mkv,video/x-matroska,VIDEO,1991892033,2026-01-08T08:55:29.730000+00:00,2024-06-04T00:43:56+00:00,2026-09-25T18:30:00+00:00,-rw-rw-rw-,ARCHIVE,False,8d5376dac176ef0f651ff02aaf7a38455aad6cca75e9dbada949e5eb19c84e7e,,
EVID-459184F00742,USB-API-002,SESSION-USB-002,DRIVE-D,.nomedia,D:\Android\data\.nomedia,Android\data\.nomedia,,application/octet-stream,OTHER,0,2035-06-11T20:08:21+00:00,2035-06-11T20:08:20+00:00,2035-06-11T18:30:00+00:00,-rw-rw-rw-,ARCHIVE,True,e3b0c44298fc1c149afbf4c8996fb92427ae41e4649b934ca495991b7852b855,,
EVID-3E0EF4D234BC,USB-API-002,SESSION-USB-002,DRIVE-D,image1.jpeg,D:\seminar\image1.jpeg,seminar\image1.jpeg,.jpeg,image/jpeg,IMAGE,60910,2026-09-21T08:06:27.080000+00:00,2026-09-21T07:19:10+00:00,2026-09-25T18:30:00+00:00,-rw-rw-rw-,ARCHIVE,False,a7ed83e8fac8a4dc7ea369dd22fd6510c13e76e0d287ed9e9aa61e10856578d8,,
EVID-02A95A8CA9FA,USB-API-002,SESSION-USB-002,DRIVE-D,image2.jpeg,D:\seminar\image2.jpeg,seminar\image2.jpeg,.jpeg,image/jpeg,IMAGE,187458,2026-09-21T08:06:27.140000+00:00,2026-09-21T07:20:04+00:00,2026-09-25T18:30:00+00:00,-rw-rw-rw-,ARCHIVE,False,5784aa839f9f408a36609b74de9a53135fbfddb3c2f2188f2be41e33a88b4bd6,,
EVID-8E253CBC7522,USB-API-002,SESSION-USB-002,DRIVE-D,image3.jpeg,D:\seminar\image3.jpeg,seminar\image3.jpeg,.jpeg,image/jpeg,IMAGE,250798,2026-09-21T08:06:27.180000+00:00,2026-09-21T07:20:54+00:00,2026-09-25T18:30:00+00:00,-rw-rw-rw-,ARCHIVE,False,59bf08e5d803a34f1f114255f22d4f7dd03c3b3b66214803b5e6c95b06b30652,,
EVID-65EB20CF6947,USB-API-002,SESSION-USB-002,DRIVE-D,normal.txt,D:\Cyphox_Forensic_Test\normal.txt,Cyphox_Forensic_Test\normal.txt,.txt,text/plain,TEXT,30,2026-09-26T14:32:27.180000+00:00,2026-09-26T14:32:28+00:00,2026-09-25T18:30:00+00:00,-rw-rw-rw-,ARCHIVE,False,6d8b0c35ddb22b3a98437ce64c45430c27f6fd110d92e5f2f3b4ee0e778813bf,,
EVID-40B86C731DAA,USB-API-002,SESSION-USB-002,DRIVE-D,duplicate1.txt,D:\Cyphox_Forensic_Test\duplicate1.txt,Cyphox_Forensic_Test\duplicate1.txt,.txt,text/plain,TEXT,24,2026-09-26T14:36:05.820000+00:00,2026-09-26T14:36:06+00:00,2026-09-25T18:30:00+00:00,-rw-rw-rw-,ARCHIVE,False,59cbab27b33841fb80dbea446c44fbf82f42eb90757f735aa58c23bdfa9d331e,,
EVID-21A439D6BEA1,USB-API-002,SESSION-USB-002,DRIVE-D,duplicate2.txt,D:\Cyphox_Forensic_Test\duplicate2.txt,Cyphox_Forensic_Test\duplicate2.txt,.txt,text/plain,TEXT,24,2026-09-26T14:36:23.510000+00:00,2026-09-26T14:36:06+00:00,2026-09-25T18:30:00+00:00,-rw-rw-rw-,ARCHIVE,False,59cbab27b33841fb80dbea446c44fbf82f42eb90757f735aa58c23bdfa9d331e,,
EVID-ED9DC5E4C499,USB-API-002,SESSION-USB-002,DRIVE-D,zero-byte.txt,D:\Cyphox_Forensic_Test\zero-byte.txt,Cyphox_Forensic_Test\zero-byte.txt,.txt,text/plain,TEXT,0,2026-09-26T14:48:18.330000+00:00,2026-09-26T14:48:20+00:00,2026-09-25T18:30:00+00:00,-rw-rw-rw-,ARCHIVE,False,e3b0c44298fc1c149afbf4c8996fb92427ae41e4649b934ca495991b7852b855,,
EVID-C98C3AF49646,USB-API-002,SESSION-USB-002,DRIVE-D,fake.jpg,D:\Cyphox_Forensic_Test\fake.jpg,Cyphox_Forensic_Test\fake.jpg,.jpg,image/jpeg,IMAGE,10,2026-09-26T14:48:59.720000+00:00,2026-09-26T14:49:00+00:00,2026-09-25T18:30:00+00:00,-rw-rw-rw-,ARCHIVE,False,bd38d586f0e525340c59e58fb9c3e2beee07adf993d69b3e2ed38ecb38889710,,
